,City,Country,Date,Lat,Lng,Max Temp,Humidity,Cloudiness,Wind Speed
0,cabo san lucas,mx,1561325519,22.89,-109.91,97.0,29,5,5.82
1,hermanus,za,1561325628,-34.42,19.24,53.01,91,100,3.24
2,kenora,ca,1561325628,49.76,-94.48,75.2,41,75,9.17
3,punta arenas,cl,1561325628,-53.16,-70.91,39.2,86,75,10.29
4,beckley,us,1561325629,37.78,-81.19,82.4,69,75,4.65
5,new norfolk,au,1561325629,-42.78,147.06,36.0,95,20,8.05
6,te anau,nz,1561325629,-45.41,167.72,38.92,87,89,3.42
7,guiren,cn,1561325629,33.67,118.19,68.36,68,80,5.37
8,broome,au,1561325465,-17.97,122.23,55.4,93,0,14.99
9,castro,cl,1561325630,-42.48,-73.76,46.4,93,75,17.22
10,ushuaia,ar,1561325589,-54.81,-68.31,37.4,93,75,3.36
11,swan river,ca,1561325631,52.11,-101.27,64.75,52,81,10.96
12,nome,us,1561325334,30.04,-94.42,93.0,66,75,14.99
13,balkhash,kz,1561325631,46.84,74.98,65.66,31,94,10.76
14,east london,za,1561325631,-33.02,27.91,51.66,88,0,6.82
15,kidal,ml,1561325632,18.44,1.41,96.71,16,1,7.65
16,katsuura,jp,1561325632,33.93,134.5,68.0,88,75,5.82
17,sitka,us,1561325633,37.17,-99.65,75.99,57,0,7.0
18,pathein,mm,1561325633,16.78,94.73,81.61,85,96,5.39
19,acapulco,mx,1561325450,16.86,-99.88,86.0,74,40,8.05
20,yellowknife,ca,1561325633,62.45,-114.38,71.6,56,75,6.93
21,port augusta,au,1561325634,-32.49,137.76,35.01,92,31,4.7
22,kapaa,us,1561325634,22.08,-159.32,80.6,88,90,5.82
23,hamilton,bm,1561325497,32.3,-64.78,79.0,57,40,12.75
24,rikitea,pf,1561325634,-23.12,-134.97,67.36,92,100,13.76
25,namibe,ao,1561325358,-15.19,12.15,71.6,78,0,5.82
26,ostrovnoy,ru,1561325635,68.05,39.51,37.06,89,100,12.24
27,albertville,us,1561325635,34.27,-86.21,91.4,52,40,9.17
28,trairi,br,1561325635,-3.28,-39.27,73.91,87,33,2.82
29,tierralta,co,1561325636,8.17,-76.06,84.02,77,87,2.8
30,aklavik,ca,1561325636,68.22,-135.01,66.2,48,75,13.87
31,suhbaatar,mn,1561325637,50.23,106.21,56.72,81,68,2.95
32,lloydminster,ca,1561325637,53.28,-110.01,66.2,63,75,9.17
33,bethel,us,1561325638,60.79,-161.76,60.8,72,75,6.93
34,tasiilaq,gl,1561325638,65.61,-37.64,37.4,93,98,6.93
35,kruisfontein,za,1561325639,-34.0,24.73,49.18,91,2,2.55
36,jamestown,sh,1561325639,-15.94,-5.72,70.22,65,0,13.24
37,hobart,au,1561325639,-42.88,147.33,36.0,95,20,8.05
38,chokurdakh,ru,1561325639,70.62,147.9,66.06,47,0,9.98
39,ostashkov,ru,1561325640,57.14,33.12,52.96,74,0,2.53
40,hualmay,pe,1561325640,-11.1,-77.61,63.0,82,8,11.36
41,norman wells,ca,1561325412,65.28,-126.83,68.0,52,75,14.99
42,dikson,ru,1561325640,73.51,80.55,35.08,90,79,9.19
43,upernavik,gl,1561325641,72.79,-56.15,35.1,96,100,19.35
44,teya,ru,1561325641,60.37,92.63,55.73,82,83,1.68
45,muroto,jp,1561325642,33.37,134.14,64.4,88,20,6.93
46,kerman,us,1561325450,36.72,-120.06,96.01,21,1,8.05
47,alofi,nu,1561325410,-19.06,-169.92,78.8,65,100,13.87
48,faanui,pf,1561325642,-16.48,-151.75,77.99,81,56,26.19
49,qaanaaq,gl,1561325643,77.48,-69.36,34.24,65,100,5.77
50,bredasdorp,za,1561325643,-34.53,20.04,51.8,87,100,2.24
51,college,us,1561325643,64.86,-147.8,64.4,93,75,4.5
52,mizdah,ly,1561325643,31.45,12.98,87.79,16,0,12.91
53,kavieng,pg,1561325644,-2.57,150.8,81.83,71,100,2.84
54,havoysund,no,1561325647,71.0,24.66,48.2,87,75,8.05
55,lorengau,pg,1561325647,-2.02,147.27,79.4,82,77,3.29
56,abbeville,us,1561325648,29.97,-92.13,91.99,66,90,11.41
57,san cristobal,ec,1561325648,-1.02,-79.44,83.25,66,54,5.82
58,busselton,au,1561325649,-33.64,115.35,55.0,60,0,19.98
59,bloemfontein,za,1561325658,-29.12,26.22,41.24,75,0,3.2
60,tigzirt,dz,1561325658,36.57,4.2,89.62,10,0,14.99
61,cherskiy,ru,1561325658,68.75,161.3,70.02,38,0,5.1
62,souillac,mu,1561325659,-20.52,57.52,72.0,73,40,11.41
63,georgetown,sh,1561325659,-7.93,-14.42,77.0,65,20,13.87
64,yumen,cn,1561325660,40.29,97.04,71.08,47,87,4.59
65,lompoc,us,1561325660,34.64,-120.46,75.99,60,1,11.41
66,cayenne,gf,1561325367,4.94,-52.33,84.2,74,87,6.93
67,puerto baquerizo moreno,ec,1561325661,-0.9,-89.6,72.65,80,2,12.26
68,avon lake,us,1561325662,41.51,-82.02,82.99,43,1,6.93
69,pevek,ru,1561325662,69.7,170.27,37.39,70,89,7.99
70,carnarvon,au,1561325663,-24.87,113.63,57.2,100,0,4.7
71,atuona,pf,1561325663,-9.8,-139.03,80.51,81,42,14.85
72,puerto ayora,ec,1561325663,-0.74,-90.35,75.56,69,25,19.71
73,vanderhoof,ca,1561325664,54.02,-124.02,62.71,35,35,8.48
74,okhotsk,ru,1561325664,59.36,143.24,46.17,82,100,6.71
75,hithadhoo,mv,1561325664,-0.6,73.08,83.79,71,72,10.27
76,ust-nera,ru,1561325665,64.57,143.24,56.97,58,6,2.06
77,port elizabeth,za,1561325464,-33.92,25.57,55.4,87,0,6.93
78,avarua,ck,1561325618,-21.21,-159.78,75.2,53,46,19.46
79,inirida,co,1561325665,3.87,-67.92,85.99,72,25,1.54
80,narsaq,gl,1561325665,60.91,-46.05,53.6,58,100,8.05
81,evensk,ru,1561325665,61.92,159.24,51.91,69,100,1.23
82,san patricio,mx,1561325666,19.22,-104.7,86.0,37,40,11.41
83,roma,au,1561325666,-26.57,148.79,43.47,68,33,8.81
84,saskylakh,ru,1561325666,71.97,114.09,61.72,55,100,10.29
85,sept-iles,ca,1561325401,50.2,-66.38,64.4,42,75,20.8
86,ende,id,1561325667,-8.84,121.65,76.79,79,57,6.2
87,alora,es,1561325667,36.82,-4.71,71.01,83,0,4.7
88,mar del plata,ar,1561325581,-46.43,-67.52,47.27,56,26,16.84
89,leh,in,1561325668,34.16,77.58,32.4,51,100,5.21
90,nikolskoye,ru,1561325668,59.7,30.79,57.2,58,0,4.47
91,puerto escondido,mx,1561325669,15.86,-97.07,86.0,79,75,5.82
92,pilas,es,1561325669,37.3,-6.3,78.01,68,100,3.36
93,barrow,us,1561325669,39.51,-90.4,78.01,78,90,14.99
94,talnakh,ru,1561325670,69.49,88.39,42.8,87,0,4.47
95,lima,pe,1561325671,-12.06,-77.04,66.2,72,75,10.29
96,poum,nc,1561325671,-20.23,164.02,67.82,87,100,11.14
97,norsup,vu,1561325671,-16.07,167.38,75.2,94,75,3.36
98,saldanha,za,1561325672,-33.01,17.94,48.2,87,67,3.36
99,salalah,om,1561325672,17.01,54.1,84.2,89,75,8.05
100,guerrero negro,mx,1561325672,27.97,-114.04,63.31,80,33,11.86
101,filadelfia,py,1561325672,-22.35,-60.04,85.16,34,0,11.07
102,taoudenni,ml,1561325673,22.68,-3.98,97.36,8,0,9.89
103,myaundzha,ru,1561325674,63.05,147.18,54.02,59,93,4.38
104,monrovia,lr,1561325674,6.33,-10.8,77.0,94,75,14.52
105,port alfred,za,1561325675,-33.59,26.89,55.99,93,0,4.0
106,hofn,is,1561325675,64.25,-15.21,42.35,73,4,7.58
107,nicoya,cr,1561325675,10.15,-85.45,91.4,55,20,10.29
108,auki,sb,1561325676,-8.77,160.7,80.78,74,100,4.16
109,bluff,nz,1561325676,-46.6,168.33,48.0,90,100,8.01
110,severnoye,ru,1561325676,54.09,52.54,66.47,88,0,2.42
111,ouallam,ne,1561325677,14.32,2.08,98.95,23,0,4.09
112,san juan,ar,1561325677,-31.54,-68.53,64.64,25,0,4.5
113,champoton,mx,1561325678,19.35,-90.72,98.6,37,40,11.41
114,san pedro de macoris,do,1561325530,18.46,-69.3,89.6,59,75,9.17
115,soyo,ao,1561325415,-6.13,12.37,75.2,83,20,3.36
116,tabou,ci,1561325678,4.42,-7.36,74.84,89,100,6.98
117,raymond,ca,1561325679,49.47,-112.67,66.2,52,75,6.93
118,jinchang,cn,1561325679,38.52,102.19,64.66,47,13,6.24
119,lebu,cl,1561325679,-37.62,-73.65,54.13,80,0,10.42
120,cidreira,br,1561325680,-30.17,-50.22,69.34,75,43,5.37
121,bandarbeyla,so,1561325680,9.49,50.81,81.36,59,92,9.51
122,wynyard,ca,1561325680,51.77,-104.18,65.41,64,48,12.64
123,basco,ph,1561325681,20.45,121.97,85.36,81,100,11.81
124,mildura,au,1561325681,-34.18,142.16,30.2,100,0,5.82
125,catumbela,ao,1561325681,-12.43,13.55,68.38,86,63,4.81
126,geraldton,au,1561325681,-28.77,114.6,51.8,87,0,9.17
127,sinnamary,gf,1561325682,5.38,-52.96,81.54,80,17,13.24
128,luanda,ao,1561325682,-8.83,13.24,71.6,88,0,6.93
129,abu dhabi,ae,1561325632,24.47,54.37,95.0,50,0,4.7
130,great yarmouth,gb,1561325682,52.61,1.73,66.0,93,100,5.82
131,vao,nc,1561325704,-22.67,167.48,66.62,90,100,5.46
132,butaritari,ki,1561325704,3.07,172.79,80.08,85,100,9.42
133,mount pleasant,us,1561325704,32.79,-79.86,90.0,74,75,9.08
134,fallon,us,1561325705,46.84,-105.12,75.2,38,75,12.75
135,oxapampa,pe,1561325706,-10.58,-75.4,63.94,65,0,4.41
136,victoria,sc,1561325421,-4.62,55.45,80.6,78,20,9.17
137,tuktoyaktuk,ca,1561325706,69.44,-133.03,48.2,81,40,12.75
138,bambous virieux,mu,1561325707,-20.34,57.76,72.0,73,40,11.41
139,pisco,pe,1561325707,-13.71,-76.2,71.6,30,0,8.05
140,sistranda,no,1561325708,63.73,8.83,51.01,87,75,13.87
141,bonavista,ca,1561325708,48.65,-53.11,48.99,86,100,13.0
142,albany,au,1561325708,-35.02,117.88,50.0,93,40,10.29
143,baykit,ru,1561325708,61.68,96.39,58.99,60,52,3.42
144,beringovskiy,ru,1561325709,63.05,179.32,51.37,80,100,5.01
145,sao filipe,cv,1561325709,14.9,-24.5,73.6,79,2,17.2
146,ponta do sol,cv,1561325709,17.2,-25.09,75.2,73,20,18.34
147,kirksville,us,1561325626,40.19,-92.58,73.0,94,90,3.36
148,sterling,us,1561325710,39.0,-77.4,86.0,37,1,5.82
149,kungurtug,ru,1561325711,50.6,97.53,48.44,85,100,3.56
150,torbay,ca,1561325712,47.66,-52.73,50.0,93,90,29.97
151,ziro,in,1561325712,27.54,93.82,60.1,94,98,1.99
152,isangel,vu,1561325643,-19.55,169.27,71.6,94,90,20.85
153,tiksi,ru,1561325712,71.64,128.87,49.21,68,0,12.77
154,vestmannaeyjar,is,1561325712,63.44,-20.27,53.55,85,88,10.47
155,caiaponia,br,1561325713,-16.96,-51.81,70.2,50,0,3.0
156,nadym,ru,1561325714,65.53,72.51,56.52,64,100,16.46
157,roald,no,1561325715,62.58,6.12,52.0,81,40,1.12
158,nhulunbuy,au,1561325715,-12.18,136.78,69.8,68,0,11.41
159,vaini,to,1561325715,-21.2,-175.2,78.8,74,20,9.17
160,kaitangata,nz,1561325715,-46.28,169.85,48.0,77,97,5.01
161,nyuksenitsa,ru,1561325716,60.41,44.24,52.31,55,64,6.13
162,northam,au,1561325716,-31.65,116.67,55.4,87,90,5.82
163,majene,id,1561325716,-3.54,118.97,81.25,82,0,24.4
164,hilo,us,1561325716,19.71,-155.08,82.99,65,90,9.17
165,inuvik,ca,1561325440,68.36,-133.71,66.2,48,75,13.87
166,raudeberg,no,1561325717,61.99,5.14,55.4,76,20,11.41
167,cape town,za,1561325469,-33.93,18.42,54.0,100,0,4.7
168,berlevag,no,1561325717,70.86,29.09,42.8,81,0,1.12
169,hastings,gb,1561325718,50.86,0.58,70.0,88,100,11.41
170,san blas,mx,1561325718,21.54,-105.29,91.4,26,5,9.17
171,haines junction,ca,1561325719,60.75,-137.51,59.62,62,41,2.77
172,gondanglegi,id,1561325719,-7.75,112.01,67.45,95,21,4.63
173,saint-philippe,re,1561325719,-21.36,55.77,71.6,68,0,5.82
174,vanimo,pg,1561325720,-2.67,141.3,80.55,83,99,10.63
175,korhogo,ci,1561325720,9.46,-5.63,78.44,74,41,2.46
176,duku,ng,1561325720,11.24,4.91,86.92,50,1,8.57
177,christchurch,nz,1561325721,-43.53,172.64,45.0,75,26,8.05
178,paramonga,pe,1561325721,-10.68,-77.82,61.61,85,37,11.14
179,clyde river,ca,1561325722,70.47,-68.59,41.0,80,1,19.46
180,port macquarie,au,1561325722,-31.43,152.91,51.01,93,75,6.93
181,half moon bay,us,1561325509,37.46,-122.43,91.99,82,40,10.29
182,porto walter,br,1561325722,-8.27,-72.74,89.01,42,0,1.99
183,kragujevac,rs,1561325723,44.01,20.91,62.6,100,20,2.24
184,burgeo,ca,1561325723,47.61,-57.61,45.67,85,99,25.34
185,mount gambier,au,1561325723,-37.83,140.78,35.6,93,0,6.93
186,phalombe,mw,1561325724,-15.81,35.65,58.95,92,0,3.29
187,armacao de pera,pt,1561325728,37.1,-8.36,69.01,88,0,12.75
188,sangar,ru,1561325728,63.92,127.47,67.12,58,33,7.38
189,saint george,bm,1561325728,32.38,-64.68,79.0,57,40,12.75
190,senanga,zm,1561325729,-16.1,23.3,58.91,42,0,2.86
191,baruun-urt,mn,1561325729,46.68,113.28,65.56,66,54,5.23
192,mahebourg,mu,1561325729,-20.41,57.7,72.0,73,40,11.41
193,tanout,ne,1561325729,14.97,8.88,98.35,17,0,6.44
194,gizo,sb,1561325730,-8.1,156.84,81.43,80,25,8.03
195,pacific grove,us,1561325640,36.62,-121.92,93.99,60,1,8.05
196,hasaki,jp,1561325730,35.73,140.83,64.4,100,75,14.99
197,longyearbyen,sj,1561325731,78.22,15.64,46.4,75,0,3.36
198,moree,au,1561325731,-29.46,149.84,37.4,69,0,5.82
199,makakilo city,us,1561325731,21.35,-158.09,87.8,62,75,13.87
200,reinosa,es,1561325731,43.0,-4.14,66.99,77,40,4.7
201,west wendover,us,1561325732,40.74,-114.07,78.8,15,20,14.99
202,solwezi,zm,1561325732,-12.18,26.4,53.91,60,8,3.89
203,klaksvik,fo,1561325732,62.23,-6.59,50.0,81,0,4.7
204,khatanga,ru,1561325733,71.98,102.47,56.45,82,100,14.2
205,pingyin,cn,1561325733,36.28,116.45,78.23,39,100,9.98
206,kindersley,ca,1561325733,51.47,-109.16,64.0,72,75,14.99
207,saint-pierre,pm,1561325734,46.77,-56.17,48.2,87,75,31.09
208,olinda,br,1561325734,-22.82,-43.41,82.4,51,0,3.36
209,maceio,br,1561325567,-9.67,-35.74,73.4,83,20,1.12
210,campos novos,br,1561325735,-27.4,-51.22,61.13,90,0,2.91
211,luau,ao,1561325735,-10.71,22.22,60.8,40,68,3.18
212,lodja,cd,1561325736,-3.52,23.6,73.69,49,2,0.92
213,palmerston,au,1561325737,-12.49,130.99,62.6,27,0,8.05
214,brownsville,us,1561325737,25.91,-97.49,95.0,63,75,26.4
215,chuy,uy,1561325738,-33.69,-53.46,69.66,80,100,10.85
216,grindavik,is,1561325739,63.84,-22.43,54.0,81,75,6.93
217,pavia,it,1561325739,45.19,9.15,79.0,73,0,1.12
218,saint-augustin,ca,1561325739,45.63,-73.98,84.0,29,40,12.75
219,jacareacanga,br,1561325740,-6.22,-57.76,84.65,60,71,2.1
220,ust-charyshskaya pristan,ru,1561325740,52.39,83.67,45.09,94,67,10.71
221,dongsheng,cn,1561325740,29.72,112.52,69.66,85,53,2.46
222,aksarka,ru,1561325741,66.56,67.8,53.5,91,79,7.92
223,troitskoye,ru,1561325741,52.98,84.68,43.4,98,47,6.26
224,messina,za,1561325747,-22.35,30.04,61.97,40,0,8.79
225,balabac,ph,1561325747,7.99,117.06,79.92,82,100,4.0
226,kasongo-lunda,cd,1561325747,-6.48,16.82,67.18,39,0,2.77
227,nizhniy baskunchak,ru,1561325747,48.22,46.83,80.42,27,0,9.51
228,coolum beach,au,1561325748,-26.53,153.09,54.0,80,14,5.59
229,pakaur,in,1561325748,24.64,87.92,83.93,73,38,8.39
230,mokrousovo,ru,1561325748,55.81,66.77,60.53,97,33,5.73
231,tulsa,us,1561325749,36.16,-95.99,75.2,88,90,11.9
232,fairbanks,us,1561325749,64.84,-147.72,62.6,93,75,4.5
233,mitsamiouli,km,1561325749,-11.38,43.28,75.2,83,40,4.7
234,palu,id,1561325749,-0.9,119.87,73.21,91,0,3.24
235,vostok,ru,1561325749,46.45,135.83,59.9,93,100,2.08
236,naze,jp,1561325750,28.37,129.48,68.0,100,51,2.24
237,magdagachi,ru,1561325751,53.45,125.8,57.98,92,100,6.38
238,kangaatsiaq,gl,1561325751,68.31,-53.46,40.77,88,96,5.82
239,luderitz,na,1561325751,-26.65,15.16,60.8,38,0,3.36
240,port hedland,au,1561325751,-20.31,118.58,55.4,93,0,8.05
241,tura,ru,1561325752,64.27,100.22,61.38,60,67,3.11
242,leningradskiy,ru,1561325752,69.38,178.42,36.83,74,100,8.7
243,ancud,cl,1561325752,-41.87,-73.83,46.4,93,75,17.22
244,caravelas,br,1561325753,-17.73,-39.27,73.62,86,7,6.4
245,constitucion,mx,1561325753,23.99,-104.67,86.0,13,5,2.24
246,chitrakonda,in,1561325753,18.12,82.08,71.98,85,15,3.24
247,saint-joseph,re,1561325753,-21.37,55.62,71.6,68,0,5.82
248,grand-santi,gf,1561325754,4.27,-54.38,77.04,96,100,2.57
249,querecotillo,pe,1561325754,-4.84,-80.65,75.83,56,29,18.48
250,vila velha,br,1561325625,-3.71,-38.6,86.0,74,0,11.41
251,actopan,mx,1561325754,20.27,-98.94,78.28,48,32,12.53
252,esperance,au,1561325758,-33.86,121.89,50.0,93,21,13.87
253,bocaiuva,br,1561325758,-17.12,-43.81,73.4,56,75,9.17
254,port-cartier,ca,1561325758,50.03,-66.88,63.0,42,75,25.28
255,yerbogachen,ru,1561325758,61.28,108.01,57.04,60,58,1.54
256,yar-sale,ru,1561325759,66.83,70.83,52.88,75,100,13.04
257,portsoy,gb,1561325759,57.68,-2.69,60.8,51,0,9.17
258,margate,za,1561325535,-30.86,30.37,53.96,70,0,7.47
259,tuatapere,nz,1561325759,-46.13,167.69,48.0,90,100,8.01
260,campana,ar,1561325759,-34.16,-58.96,66.0,93,90,2.24
261,kataysk,ru,1561325760,56.29,62.58,63.05,96,0,8.03
262,yoichi,jp,1561325760,43.19,140.77,60.01,87,20,4.7
263,phitsanulok,th,1561325760,16.82,100.26,82.06,85,100,4.12
264,takaungu,ke,1561325760,-3.68,39.86,78.8,78,20,13.87
265,najran,sa,1561325761,17.54,44.22,80.6,15,5,2.3
266,namatanai,pg,1561325762,-3.66,152.44,79.42,76,79,3.04
267,nyeri,ke,1561325762,-0.42,36.95,51.79,93,98,2.68
268,severo-kurilsk,ru,1561325762,50.68,156.12,42.77,88,100,2.57
269,maracaju,br,1561325763,-21.61,-55.17,71.21,51,0,3.96
270,toora-khem,ru,1561325763,52.47,96.11,52.07,96,100,5.5
271,cheremukhovo,ru,1561325764,56.23,46.23,59.85,76,3,4.29
272,tazovskiy,ru,1561325765,67.47,78.7,47.47,65,29,14.65
273,provideniya,ru,1561325765,64.42,-173.23,44.6,81,90,4.36
274,ahipara,nz,1561325765,-35.17,173.16,58.79,79,28,24.94
275,abay,kz,1561325766,49.63,72.87,57.2,50,40,11.18
276,daru,pg,1561325766,-9.07,143.21,75.04,88,86,7.87
277,huarmey,pe,1561325766,-10.07,-78.15,63.14,85,4,12.97
278,general roca,ar,1561325766,-39.03,-67.58,59.0,44,0,8.05
279,coahuayana,mx,1561325767,18.62,-100.35,92.02,48,73,2.95
280,sulangan,ph,1561325768,11.14,123.72,83.25,71,64,4.59
281,chapadinha,br,1561325768,-3.74,-43.35,78.17,75,100,2.24
282,thompson,ca,1561325769,55.74,-97.86,64.4,77,75,5.82
283,encs,hu,1561325769,48.33,21.12,69.8,77,0,17.22
284,eureka,us,1561325485,40.8,-124.16,66.0,67,1,18.34
285,upington,za,1561325770,-28.46,21.24,44.6,45,0,2.95
286,qasigiannguit,gl,1561325770,68.82,-51.19,48.2,45,40,4.7
287,iqaluit,ca,1561325682,63.75,-68.52,51.8,57,75,23.04
288,nueve de julio,ar,1561325770,-31.67,-68.39,65.75,43,0,6.93
289,kodiak,us,1561325771,39.95,-94.76,72.0,83,90,4.7
290,huangzhai,cn,1561325772,23.86,112.01,74.65,97,100,2.1
291,hambantota,lk,1561325772,6.12,81.12,80.6,100,0,10.29
292,visby,se,1561325772,57.64,18.3,59.0,82,97,5.82
293,san andres,co,1561325772,8.22,-76.58,82.4,88,90,5.82
294,buala,sb,1561325773,-8.15,159.59,80.03,80,97,8.63
295,paamiut,gl,1561325774,61.99,-49.67,39.15,93,100,9.4
296,sao joao do piaui,br,1561325774,-8.36,-42.25,78.7,53,29,6.08
297,adrar,dz,1561325775,27.87,-0.29,95.0,6,0,5.82
298,matagami,ca,1561325775,49.76,-77.63,73.4,33,1,9.17
299,launceston,au,1561325775,-41.43,147.14,28.99,100,0,5.82
300,bom jesus da lapa,br,1561325776,-13.25,-43.41,77.76,42,0,6.31
301,alyangula,au,1561325776,-13.85,136.42,46.4,100,0,19.73
302,lixourion,gr,1561325776,38.2,20.43,75.99,78,0,6.71
303,crestview,us,1561325623,30.76,-86.57,95.0,52,1,9.17
304,brookings,us,1561325777,44.31,-96.8,70.0,68,90,8.05
305,pingdingshan,cn,1561325777,33.74,113.3,74.12,57,67,3.22
306,sabang,id,1561325778,1.17,120.82,81.14,75,56,8.79
307,bud,no,1561325778,62.91,6.91,52.0,71,75,11.41
308,hami,cn,1561325778,42.84,93.51,74.18,38,88,16.84
309,palmer,us,1561325779,61.6,-149.11,75.99,46,40,7.54
310,sao joao da barra,br,1561325779,-21.64,-41.05,73.4,88,0,6.93
311,henties bay,na,1561325779,-22.12,14.28,55.99,91,0,1.99
312,slave lake,ca,1561325783,55.28,-114.77,66.2,68,90,14.99
313,krasnyy chikoy,ru,1561325783,50.36,108.75,52.42,94,60,2.77
314,flinders,au,1561325783,-34.58,150.85,54.0,93,40,10.29
315,moroni,km,1561325784,-11.7,43.26,75.2,83,40,4.7
316,oberursel,de,1561325784,50.2,8.58,75.99,60,0,4.7
317,nyrob,ru,1561325784,60.74,56.73,55.31,62,29,6.35
318,varhaug,no,1561325784,58.61,5.65,57.2,82,0,4.7
319,matara,lk,1561325785,5.95,80.54,79.13,89,52,9.75
320,almaznyy,ru,1561325785,48.03,40.04,84.2,28,20,6.71
321,prieska,za,1561325785,-29.67,22.74,46.6,58,0,4.5
322,kortkeros,ru,1561325785,61.81,51.56,55.99,71,0,4.47
323,yulara,au,1561325785,-25.24,130.99,39.2,51,0,6.93
324,kilindoni,tz,1561325786,-7.91,39.67,79.02,77,0,10.11
325,banda aceh,id,1561325786,5.56,95.32,82.15,82,100,19.64
326,mugur-aksy,ru,1561325786,50.38,90.44,37.42,68,56,6.11
327,gamba,ga,1561325787,-2.72,10.02,72.27,87,2,5.17
328,twinsburg,us,1561325688,41.31,-81.44,82.99,33,1,1.43
329,amargosa,br,1561325576,-13.03,-39.6,67.72,85,0,7.05
330,jasper,ca,1561325791,52.88,-118.08,42.97,77,96,4.09
331,arlit,ne,1561325791,18.74,7.39,101.93,12,0,5.1
332,tamala,ru,1561325792,52.54,43.26,70.87,67,79,5.86
333,pervomayskoye,ru,1561325792,57.07,86.23,55.75,96,100,9.6
334,flin flon,ca,1561325792,54.77,-101.88,62.6,67,75,8.05
335,port-gentil,ga,1561325792,-0.72,8.78,73.4,94,20,5.82
336,leshukonskoye,ru,1561325793,64.9,45.76,41.6,94,100,6.64
337,kosh-agach,ru,1561325793,49.99,88.66,43.31,66,16,4.21
338,pangnirtung,ca,1561325794,66.15,-65.72,48.2,61,75,16.11
339,dukat,ru,1561325795,62.55,155.55,44.87,66,100,9.24
340,meulaboh,id,1561325795,4.14,96.13,81.25,76,100,7.43
341,anloga,gh,1561325795,5.79,0.9,76.97,88,83,14.41
342,kirakira,sb,1561325796,-10.46,161.92,78.75,82,82,4.76
343,damara,cf,1561325796,4.96,18.7,78.8,88,0,2.24
344,mayo,ca,1561325796,63.59,-135.9,77.0,23,75,4.7
345,ulladulla,au,1561325499,-35.36,150.48,50.0,93,40,10.29
346,shimanovsk,ru,1561325796,52.0,127.67,63.97,96,97,5.41
347,kazachinskoye,ru,1561325797,57.69,93.28,56.54,92,22,4.09
348,sarkand,kz,1561325797,45.41,79.91,54.67,84,2,5.75
349,dalen,no,1561325797,59.45,7.99,52.0,81,13,3.15
350,wenling,cn,1561325797,28.38,121.38,66.0,87,94,1.43
351,honiara,sb,1561325798,-9.43,159.96,71.6,94,75,5.41
352,sargatskoye,ru,1561325798,55.6,73.49,49.63,97,31,5.61
353,lucera,it,1561325798,41.51,15.34,75.2,78,40,3.36
354,vila franca do campo,pt,1561325798,37.72,-25.43,66.2,63,20,6.93
355,inhambane,mz,1561325799,-23.87,35.38,65.21,91,17,3.58
356,varkaus,fi,1561325799,62.32,27.87,54.0,81,0,1.12
357,belyy yar,ru,1561325799,53.6,91.39,60.8,72,40,4.47
358,baghdad,iq,1561325800,33.3,44.38,89.6,19,0,8.05
359,san felipe,mx,1561325800,31.02,-114.84,88.0,51,0,7.0
360,seoul,kr,1561325800,37.57,126.98,69.8,93,1,1.12
361,hombourg-haut,fr,1561325800,49.13,6.78,72.0,82,0,6.93
362,cam ranh,vn,1561325801,11.92,109.15,82.4,78,20,2.24
363,granadilla de abona,es,1561325801,28.12,-16.58,75.2,69,20,6.93
364,dafeng,cn,1561325801,33.2,120.46,71.01,80,100,4.56
365,cavalcante,br,1561325802,-13.79,-47.46,64.48,63,0,6.33
366,mayumba,ga,1561325803,-3.44,10.65,74.68,84,0,6.67
367,cedar city,us,1561325543,37.68,-113.06,75.2,12,1,4.7
368,rocha,uy,1561325606,-34.48,-54.34,68.11,86,97,11.83
369,solnechnyy,ru,1561325804,50.72,136.64,53.55,98,100,1.32
370,rawson,ar,1561325804,-43.3,-65.11,50.04,56,0,7.02
371,quelimane,mz,1561325804,-17.88,36.89,69.8,94,20,0.25
372,beoumi,ci,1561325805,7.67,-5.58,78.8,83,20,6.93
373,dunedin,nz,1561325805,-45.87,170.5,48.99,72,100,25.01
374,riyadh,sa,1561325805,24.63,46.72,87.8,12,0,4.7
375,coquimbo,cl,1561325806,-29.95,-71.34,73.0,82,0,5.82
376,harper,lr,1561325806,4.38,-7.71,77.96,83,100,15.21
377,north bend,us,1561325807,43.41,-124.22,77.0,59,1,18.34
378,tarko-sale,ru,1561325807,64.92,77.78,45.0,89,41,11.54
379,salym,ru,1561325807,60.06,71.48,53.53,76,88,4.94
380,nelson bay,au,1561325808,-32.72,152.14,52.0,100,75,8.05
381,lyuban,by,1561325808,52.8,28.0,58.57,95,0,7.9
382,hong gai,vn,1561325808,20.96,107.09,86.0,89,75,9.17
383,ofaqim,il,1561325808,31.31,34.62,79.0,15,0,8.14
384,bambanglipuro,id,1561325809,-7.95,110.28,74.3,84,94,10.47
385,oistins,bb,1561325781,13.07,-59.53,82.4,83,40,8.05
386,wajima,jp,1561325809,37.4,136.9,66.11,83,80,5.59
387,tlacotepec,mx,1561325810,18.96,-99.93,62.6,67,90,12.75
388,carutapera,br,1561325811,-1.2,-46.02,76.43,94,100,4.45
389,trinidad,cu,1561325811,21.81,-79.98,96.8,44,90,9.17
390,ticuantepe,ni,1561325812,12.02,-86.21,93.2,46,40,18.34
391,taksimo,ru,1561325812,56.36,114.84,53.35,68,99,8.97
392,san,ml,1561325812,13.3,-4.9,95.02,31,100,7.29
393,prado,br,1561325812,-17.34,-39.22,70.87,90,78,4.54
394,mabaruma,gy,1561325813,8.2,-59.78,79.78,94,100,2.51
395,port lincoln,au,1561325813,-34.72,135.86,51.91,58,100,24.83
396,tibiri,ne,1561325813,13.59,7.06,96.62,30,26,13.62
397,korla,cn,1561325814,41.76,86.15,57.53,59,67,6.6
398,ipixuna,br,1561325814,-1.76,-48.8,80.6,83,40,4.7
399,voskresenskoye,ru,1561325814,56.84,45.43,57.71,70,0,5.17
400,usinsk,ru,1561325815,66.0,57.56,48.01,93,65,17.09
401,lieksa,fi,1561325815,63.32,30.02,49.41,75,52,5.99
402,itacurubi de la cordillera,py,1561325816,-25.45,-56.85,71.01,70,0,5.08
403,beloha,mg,1561325817,-25.17,45.06,66.4,78,0,6.8
404,ossora,ru,1561325817,59.24,163.07,46.37,85,100,1.59
405,kavaratti,in,1561325817,10.57,72.64,82.76,80,100,20.78
406,la ronge,ca,1561325818,55.1,-105.3,60.8,82,75,11.41
407,kamenka,ru,1561325818,53.19,44.05,78.01,49,44,2.93
408,sechura,pe,1561325818,-5.56,-80.82,64.93,88,63,18.21
409,mount isa,au,1561325819,-20.73,139.49,48.2,31,0,6.93
410,serebryanyy bor,ru,1561325819,56.8,124.8,52.29,86,14,1.16
411,vanavara,ru,1561325819,60.35,102.28,55.37,71,100,2.89
412,ust-maya,ru,1561325819,60.42,134.54,59.02,59,0,11.05
413,port keats,au,1561325823,-14.25,129.55,57.87,28,0,12.88
414,uruacu,br,1561325823,-14.52,-49.14,73.46,47,0,1.9
415,peniche,pt,1561325823,39.36,-9.38,66.2,93,20,3.36
416,shingu,jp,1561325824,33.72,135.99,58.73,96,0,4.52
417,ankang,cn,1561325824,32.73,108.99,67.99,72,100,0.47
418,stornoway,gb,1561325824,58.21,-6.39,55.4,87,98,9.17
419,likasi,cd,1561325825,-10.99,26.74,55.06,55,0,3.74
420,kahului,us,1561325615,20.89,-156.47,89.6,52,40,10.29
421,quatre cocos,mu,1561325825,-20.21,57.76,72.0,73,40,11.41
422,guasdualito,ve,1561325825,7.24,-70.73,77.0,100,40,5.82
423,denpasar,id,1561325826,-8.65,115.22,73.4,88,20,5.82
424,ilulissat,gl,1561325826,69.22,-51.1,48.2,45,40,4.7
425,mikhaylovka,kz,1561325826,54.89,69.46,58.7,98,100,5.82
426,nueva loja,ec,1561325629,0.08,-76.88,66.92,98,100,3.96
427,belonia,in,1561325827,23.25,91.45,80.8,86,33,5.55
428,oktyabrskiy,ru,1561325827,55.61,37.97,70.0,49,40,2.24
429,tagab,af,1561325828,34.85,69.65,71.6,19,20,6.93
430,mezen,ru,1561325828,65.85,44.24,37.57,91,76,8.32
431,semey,kz,1561325828,50.41,80.25,57.35,54,92,3.62
432,dali,cn,1561325829,25.6,100.24,63.34,96,100,2.42
433,pilar,ph,1561325829,14.67,120.55,84.99,88,40,3.36
434,toyooka,jp,1561325829,35.55,134.82,64.4,93,75,3.36
435,idaho falls,us,1561325829,43.49,-112.04,70.0,30,90,16.11
436,marawi,sd,1561325830,18.48,31.82,92.54,11,7,14.16
437,monroe,us,1561325831,41.91,-83.4,84.0,47,1,9.17
438,zeya,ru,1561325831,53.74,127.27,53.59,94,100,5.46
439,penon blanco,mx,1561325832,24.79,-104.04,88.29,18,36,0.22
440,santa cruz del sur,cu,1561325832,20.71,-78.0,94.93,44,2,9.22
441,nyurba,ru,1561325833,63.29,118.35,54.56,95,100,4.25
442,mehamn,no,1561325833,71.03,27.85,44.6,81,0,2.24
443,abadiania,br,1561325833,-16.2,-48.71,71.6,43,20,3.36
444,agadir,ma,1561325834,30.42,-9.58,68.0,77,40,10.29
445,vila do maio,cv,1561325834,15.13,-23.22,75.2,64,20,11.41
446,dodge city,us,1561325641,37.75,-100.02,79.0,47,1,10.29
447,samarai,pg,1561325835,-10.62,150.67,75.62,95,99,4.65
448,diamantino,br,1561325835,-14.4,-56.44,80.28,44,0,2.01
449,belaya gora,ru,1561325836,68.54,146.19,70.94,36,0,16.73
450,xining,cn,1561325836,36.62,101.77,49.5,91,47,2.57
451,kapuskasing,ca,1561325645,49.42,-82.43,80.6,32,90,3.36
452,beneditinos,br,1561325836,-5.46,-42.36,86.0,55,0,4.7
453,blythe,us,1561325837,33.61,-114.59,102.2,4,1,18.34
454,gushikawa,jp,1561325837,26.35,127.87,73.4,94,90,13.87
455,praia,cv,1561325837,14.92,-23.51,75.2,64,20,11.41
456,shevchenkove,ua,1561325838,49.7,37.18,80.6,39,0,6.71
457,payson,us,1561325838,40.04,-111.73,75.99,20,40,5.82
458,pindiga,ng,1561325838,9.98,10.93,80.42,76,100,8.41
459,excelsior springs,us,1561325838,39.34,-94.23,73.0,83,90,7.63
460,kuusamo,fi,1561325839,65.96,29.19,44.6,100,90,6.93
461,saurimo,ao,1561325839,-9.66,20.4,59.6,37,0,3.94
462,roebourne,au,1561325839,-20.77,117.15,65.84,79,42,3.47
463,chifeng,cn,1561325584,42.27,118.96,68.71,60,97,4.32
464,ishigaki,jp,1561325840,24.34,124.16,78.8,100,75,2.24
465,ribeira grande,pt,1561325840,38.52,-28.7,69.8,56,20,13.87
466,goure,ne,1561325840,13.98,10.27,97.24,15,38,7.0
467,nishihara,jp,1561325841,35.74,139.53,66.99,93,90,9.17
468,benghazi,ly,1561325827,32.12,20.07,79.79,60,0,14.38
469,charters towers,au,1561325841,-20.07,146.27,49.73,91,0,10.85
470,axim,gh,1561325841,4.87,-2.24,75.51,94,100,10.8
471,toki,jp,1561325600,35.35,137.18,71.6,73,75,8.05
472,andenes,no,1561325842,69.31,16.12,50.0,87,75,3.36
473,blagoyevo,ru,1561325842,63.37,47.92,49.86,74,61,8.01
474,fortuna,us,1561325842,40.6,-124.16,72.0,67,1,19.46
475,sarh,td,1561325843,9.14,18.39,76.59,80,79,2.48
476,brigantine,us,1561325843,39.41,-74.36,86.0,32,1,10.29
477,mandalay,mm,1561325844,21.98,96.08,86.49,66,80,12.01
478,kaabong,ug,1561325844,3.51,34.14,63.11,88,89,1.45
479,hutchinson,us,1561325844,38.06,-97.93,80.01,57,40,8.05
480,kabinda,cd,1561325844,-6.14,24.49,71.24,37,0,2.26
481,hit,iq,1561325845,33.64,42.83,91.44,16,0,7.4
482,luangwa,zm,1561325846,-12.88,28.25,53.28,70,0,4.16
483,salinopolis,br,1561325847,-0.61,-47.36,81.59,76,0,13.78
484,torbat-e jam,ir,1561325848,35.24,60.63,72.32,13,0,9.15
485,florianopolis,br,1561325626,-27.6,-48.55,75.0,73,0,10.29
486,tateyama,jp,1561325848,36.66,137.31,69.01,93,75,1.12
487,ballina,ie,1561325849,54.11,-9.15,57.0,93,90,13.87
488,touros,br,1561325849,-5.2,-35.46,78.8,78,75,5.82
489,marsa matruh,eg,1561325619,31.35,27.25,78.8,83,20,6.93
490,hervey bay,au,1561325849,-25.3,152.85,57.0,82,75,8.05
491,arraial do cabo,br,1561325850,-22.97,-42.02,75.2,78,0,11.41
492,linqing,cn,1561325850,36.85,115.71,80.05,35,100,7.7
493,poso,id,1561325850,-1.4,120.75,60.3,96,31,3.78
494,warrington,us,1561325851,40.25,-75.13,86.0,34,1,5.82
495,borujerd,ir,1561325851,33.89,48.76,77.0,30,0,6.93
496,ban nahin,la,1561325851,18.24,104.21,76.9,92,100,1.03
497,huilong,cn,1561325852,31.15,106.5,69.8,81,100,2.08
498,dicabisagan,ph,1561325852,17.08,122.42,74.95,91,100,1.66
499,komsomolskiy,ru,1561325852,67.55,63.78,41.72,92,100,8.9
500,porangatu,br,1561325852,-13.44,-49.14,76.61,49,0,2.84
501,moron,mn,1561325853,47.38,110.32,59.04,73,21,3.42
502,tchollire,cm,1561325853,8.4,14.17,76.5,90,100,4.72
503,buraydah,sa,1561325853,26.33,43.97,91.4,22,0,6.93
504,broken hill,au,1561325853,-31.97,141.45,33.8,80,0,1.12
505,dandong,cn,1561325854,40.12,124.37,62.44,79,13,4.65
506,kon tum,vn,1561325854,14.36,108.0,71.46,99,100,1.28
507,vardo,no,1561325854,70.37,31.11,41.0,86,20,3.36
508,maniitsoq,gl,1561325858,65.42,-52.9,41.33,92,99,1.61
509,kaputa,zm,1561325858,-8.47,29.66,62.5,55,0,2.01
510,hearst,ca,1561325858,49.69,-83.67,83.65,20,100,5.19
511,vestmanna,fo,1561325859,62.16,-7.17,50.0,81,0,4.7
512,kribi,cm,1561325859,2.94,9.91,78.25,83,100,17.07
513,kruszwica,pl,1561325859,52.67,18.33,62.01,63,0,8.05
514,necochea,ar,1561325860,-38.55,-58.74,50.0,90,0,6.17
515,samagaltay,ru,1561325860,50.6,95.0,59.15,67,100,4.34
516,kemi,fi,1561325860,65.74,24.56,46.4,87,0,5.82
517,stutterheim,za,1561325861,-32.57,27.43,39.22,93,1,3.53
518,qaqortoq,gl,1561325861,60.72,-46.03,53.6,58,100,8.05
519,duobao,cn,1561325861,30.67,112.69,73.0,86,33,2.84
520,kovdor,ru,1561325862,67.56,30.47,39.46,85,0,5.17
521,port hardy,ca,1561325862,50.7,-127.42,53.6,93,90,5.82
522,nanortalik,gl,1561325862,60.14,-45.24,43.16,88,100,5.17
523,los llanos de aridane,es,1561325865,28.66,-17.92,73.4,88,75,3.36
524,praia da vitoria,pt,1561325866,38.73,-27.07,66.2,72,20,10.94
525,shafter,us,1561325866,35.5,-119.27,97.0,18,1,7.87
526,havre-saint-pierre,ca,1561325866,50.23,-63.6,59.0,58,75,19.46
527,ekhabi,ru,1561325868,53.51,142.97,44.05,95,98,6.73
528,asyut,eg,1561325868,27.18,31.19,84.2,39,0,11.41
529,iisalmi,fi,1561325868,63.56,27.19,57.2,58,0,5.82
530,dudinka,ru,1561325868,69.41,86.18,42.8,87,0,4.47
531,wanganui,nz,1561325869,-39.93,175.05,48.0,72,100,5.99
532,athabasca,ca,1561325869,54.72,-113.29,63.34,75,82,7.45
533,umm lajj,sa,1561325870,25.02,37.27,87.77,54,0,13.2
534,chapada dos guimaraes,br,1561325870,-15.46,-55.75,87.8,35,0,6.93
535,yarim,ye,1561325870,14.3,44.38,74.02,65,34,1.5
536,leticia,co,1561325871,-4.21,-69.94,80.6,94,75,3.36
537,iracoubo,gf,1561325871,5.48,-53.21,78.23,92,79,5.5
538,strzelce krajenskie,pl,1561325871,52.88,15.53,59.24,75,33,6.71
539,san policarpo,ph,1561325872,12.18,125.51,78.48,87,90,7.56
540,piacabucu,br,1561325872,-10.41,-36.43,75.4,84,50,9.82
541,mongu,zm,1561325872,-15.27,23.14,59.08,43,0,4.88
542,portland,au,1561325873,-33.35,149.98,45.0,96,39,8.08
543,lethem,gy,1561325873,3.38,-59.8,87.5,57,36,6.46
544,elko,us,1561325873,40.83,-115.76,78.01,19,1,11.41
545,hebi,cn,1561325874,35.75,114.29,74.29,38,100,2.42
546,burns lake,ca,1561325875,54.23,-125.76,58.72,37,56,8.52
547,los amates,gt,1561325875,15.26,-89.1,87.01,26,100,1.01
548,velyka mykhaylivka,ua,1561325875,47.08,29.85,72.23,65,100,5.23
549,acajutla,sv,1561325712,13.59,-89.83,85.77,69,100,4.7
550,ontario,us,1561325875,34.07,-117.65,91.4,39,1,11.41
551,alice springs,au,1561325858,-23.7,133.88,33.8,55,0,8.41
552,kalianget,id,1561325876,-7.35,109.91,67.48,96,79,0.25
553,matehuala,mx,1561325877,23.65,-100.64,82.33,25,7,3.4
554,zhigansk,ru,1561325877,66.77,123.37,65.63,64,3,15.97
555,wiang sa,th,1561325878,8.64,99.37,74.99,97,100,5.46
556,huaraz,pe,1561325878,-9.53,-77.53,69.89,38,9,6.22
557,bestobe,kz,1561325878,52.5,73.1,57.78,90,100,5.23
558,ocos,gt,1561325879,14.51,-92.19,87.8,74,75,4.7
559,zharkent,kz,1561325879,44.17,80.0,47.39,60,0,3.91
560,soto la marina,mx,1561325879,23.77,-98.21,103.61,34,1,15.64
561,narasannapeta,in,1561325880,18.42,84.04,80.82,87,23,0.92
562,deputatskiy,ru,1561325880,69.3,139.9,62.91,47,0,17.36
563,gazanjyk,tm,1561325880,39.24,55.52,93.44,11,0,15.48
564,kijang,id,1561325880,0.9,104.63,78.8,94,47,2.24
565,zhangye,cn,1561325881,38.94,100.46,64.06,52,16,3.0
566,jahangirabad,in,1561325881,28.4,78.11,84.65,59,0,10.22
567,severodvinsk,ru,1561325881,64.56,39.82,50.0,100,90,6.71
568,gurupi,br,1561325881,-11.73,-49.07,78.35,47,0,2.64
569,aranda de duero,es,1561325882,41.67,-3.69,62.42,70,100,6.2
570,ambilobe,mg,1561325882,-13.19,49.05,69.44,90,0,5.53
571,mandalgovi,mn,1561325882,45.76,106.27,61.27,74,31,4.9
572,wattegama,lk,1561325883,7.35,80.68,73.96,92,67,4.88
573,umm kaddadah,sd,1561325884,13.6,26.69,92.74,32,0,12.84
574,tarata,pe,1561325885,-17.47,-70.03,62.6,67,40,8.05
575,yuanping,cn,1561325885,38.72,112.71,58.64,69,33,2.39
576,santo antonio do sudoeste,br,1561325886,-26.07,-53.73,67.03,76,0,3.29
577,langxiang,cn,1561325886,46.95,128.87,62.33,83,81,3.85
578,atar,mr,1561325887,20.52,-13.05,94.3,11,0,13.2
579,kundiawa,pg,1561325887,-6.02,144.97,55.12,99,100,1.99
580,blackwater,au,1561325887,-23.58,148.88,54.36,61,95,13.15
581,petropavlovsk-kamchatskiy,ru,1561325887,53.05,158.65,46.4,93,75,4.47
582,kinkala,cg,1561325888,-4.35,14.75,71.6,83,0,2.24
583,karatuzskoye,ru,1561325888,53.61,92.87,56.86,98,100,11.14
584,progress,ru,1561325888,49.74,129.68,62.42,94,100,6.69
585,helong,cn,1561325889,25.94,116.13,69.97,99,100,3.0
586,horsham,au,1561325889,-36.71,142.2,36.05,91,0,6.51
587,meiktila,mm,1561325889,20.88,95.86,82.53,71,99,14.16
588,vitim,ru,1561325889,59.44,112.57,54.52,56,59,1.79
589,coihaique,cl,1561325890,-45.58,-72.07,46.4,75,75,3.36
590,itarema,br,1561325890,-2.92,-39.92,75.71,81,12,6.67
591,jiexiu,cn,1561325891,37.02,111.92,65.48,48,96,2.44
592,boende,cd,1561325891,-0.28,20.88,74.65,77,71,1.77
593,krasnorechenskiy,ru,1561325892,44.63,135.35,54.43,89,82,1.32
594,kolyshley,ru,1561325892,52.7,44.54,78.01,49,77,4.52
595,pozo colorado,py,1561325893,-23.49,-58.8,77.72,52,0,6.04
596,saint-francois,gp,1561325893,16.25,-61.27,86.0,66,40,12.75
597,turan,ru,1561325893,52.15,93.92,52.2,97,100,5.88
598,springdale,ca,1561325893,49.5,-56.06,54.0,76,95,15.32
599,fossano,it,1561325894,44.55,7.72,75.99,53,0,2.24
600,grand gaube,mu,1561325894,-20.01,57.66,72.0,73,40,11.41
601,ayagoz,kz,1561325895,47.96,80.43,45.86,60,66,5.97
602,shimoda,jp,1561325895,34.7,138.93,68.0,98,100,4.0
603,taybad,ir,1561325895,34.74,60.78,72.31,14,0,9.37
604,tual,id,1561325895,-5.67,132.75,80.12,82,100,21.59
605,soe,id,1561325896,-9.86,124.28,64.37,94,5,4.83
606,sao gabriel da cachoeira,br,1561325896,-0.13,-67.09,80.66,89,27,2.95
607,mozarlandia,br,1561325839,-14.74,-50.57,78.98,39,0,3.36
608,duyun,cn,1561325897,26.27,107.52,62.82,85,100,1.9
609,ixtapa,mx,1561325898,20.71,-105.21,87.01,66,5,12.75
610,pimentel,pe,1561325898,-6.84,-79.94,66.2,29,20,16.11
611,mana,gf,1561325898,5.67,-53.78,78.39,94,100,3.53
612,beisfjord,no,1561325899,68.38,17.6,51.01,81,40,19.46
613,tungor,ru,1561325899,53.39,142.95,44.05,95,98,6.73
614,temiscaming,ca,1561325899,46.72,-79.1,80.01,31,75,9.17
615,ortona,it,1561325900,42.35,14.4,75.2,73,0,3.36
616,guanaja,hn,1561325900,16.4,-85.9,89.6,66,0,17.22
617,paso del macho,mx,1561325901,18.97,-96.73,89.6,79,20,11.41
618,yeppoon,au,1561325901,-23.13,150.74,60.8,77,90,4.7
619,padang,id,1561325901,-0.92,100.36,83.43,70,100,4.29
620,rock sound,bs,1561325902,24.9,-76.2,83.18,69,18,4.52
621,erzin,ru,1561325902,50.26,95.16,59.15,67,100,4.34
622,newport,us,1561325903,41.49,-71.31,86.0,42,1,5.82
623,conde,br,1561325903,-11.81,-37.61,70.29,96,6,3.49
624,belgaum,in,1561325903,15.87,74.5,72.04,98,100,2.77
625,itoman,jp,1561325904,26.12,127.67,73.4,94,75,6.93
626,mecca,sa,1561325827,21.43,39.83,89.28,33,0,5.17
627,road town,vg,1561325904,18.42,-64.62,86.0,62,40,9.17
628,ezerelis,lt,1561325905,54.88,23.62,59.0,62,0,2.24
629,mudgee,au,1561325905,-32.6,149.59,45.0,100,40,5.82
630,nuevo progreso,mx,1561325906,17.14,-95.05,93.28,36,93,4.07
631,santa maria,us,1561325684,34.95,-120.44,80.6,87,90,8.05
632,tromso,no,1561325907,69.65,18.96,50.0,87,75,3.36
633,kontagora,ng,1561325907,10.4,5.47,80.64,69,21,6.31
634,lufilufi,ws,1561325907,-13.87,-171.6,84.2,70,75,4.7
635,labuhan,id,1561325908,-2.54,115.51,71.53,92,67,1.45
636,rio claro,tt,1561325908,10.31,-61.18,87.01,70,20,9.17
637,feldkirch,at,1561325908,47.24,9.6,70.0,77,21,6.93
638,kenai,us,1561325876,60.55,-151.26,75.99,56,1,8.05
639,ornskoldsvik,se,1561325909,63.29,18.72,55.4,50,0,6.93
640,bantry,ie,1561325909,51.68,-9.45,57.2,100,90,11.41
641,nizwa,om,1561325910,22.93,57.53,89.3,23,59,5.26
642,we,nc,1561325910,-20.92,167.26,67.73,88,100,12.86
643,tortoli,it,1561325910,39.93,9.66,71.6,64,5,2.24
644,mocuba,mz,1561325910,-16.84,36.99,63.59,96,10,1.9
645,kamen-na-obi,ru,1561325910,53.79,81.35,46.49,93,96,5.86
646,muravlenko,ru,1561325911,63.79,74.5,54.41,57,93,15.08
647,curup,id,1561325911,-3.47,102.53,66.49,93,100,1.07
648,mogadishu,so,1561325911,2.04,45.34,75.1,88,0,9.82
649,sobolevo,ru,1561325911,54.43,31.9,56.48,97,37,7.18
650,soria,es,1561325912,41.76,-2.46,72.0,42,99,1.01
651,dordrecht,za,1561325912,-31.37,27.05,36.76,86,0,4.09
652,tsogni,ga,1561325912,-2.79,10.1,75.42,81,0,8.43
653,dingle,ie,1561325912,52.14,-10.27,57.31,92,69,18.81
654,spassk-ryazanskiy,ru,1561325913,54.41,40.38,69.01,46,100,5.01
655,oranjestad,aw,1561325913,12.52,-70.03,84.2,74,20,26.4
656,uusikaupunki,fi,1561325811,60.8,21.41,60.8,63,0,9.17
657,karratha,au,1561325913,-20.74,116.85,66.51,83,1,3.18
658,yangcun,cn,1561325914,29.98,118.17,60.79,86,100,2.35
659,hay river,ca,1561325914,60.82,-115.79,62.6,67,75,8.05
660,santa rosa,bo,1561325914,-20.7,-64.83,68.02,21,0,0.69
661,jaguarari,br,1561325915,-10.26,-40.2,66.4,91,19,9.08
662,oster,ua,1561325916,50.95,30.88,73.4,73,100,8.95
663,cabedelo,br,1561325916,-6.97,-34.84,77.0,78,40,5.82
664,nemuro,jp,1561325916,43.32,145.57,47.29,94,100,13.56
665,caraquet,ca,1561325895,47.79,-64.94,66.2,39,75,14.99
666,sarangani,ph,1561325918,5.4,125.46,83.14,74,100,4.52
667,kargopol,ru,1561325918,61.51,38.95,50.96,62,0,5.93
668,selje,no,1561325919,62.05,5.35,55.4,76,20,11.41
669,kawalu,id,1561325919,-7.38,108.21,63.97,91,90,3.58
670,estelle,us,1561325920,32.87,-97.01,95.0,52,40,18.34
671,sao luiz gonzaga,br,1561325837,-28.41,-54.96,69.08,77,79,5.5
672,halifax,ca,1561325336,44.65,-63.58,75.99,31,75,11.41
673,sao felix do xingu,br,1561325920,-6.64,-51.99,76.28,63,37,3.62
674,priiskovyy,ru,1561325924,51.93,116.63,59.9,93,80,4.03
675,ojinaga,mx,1561325927,29.57,-104.42,98.6,7,1,10.29
676,tilichiki,ru,1561325910,60.47,166.1,48.51,91,100,0.78
677,stykkisholmur,is,1561325928,65.08,-22.73,49.14,81,77,17.16
678,buenos aires,cr,1561325632,9.17,-83.33,80.14,87,100,3.29
679,cabra,ph,1561325928,13.89,120.05,86.22,70,100,7.74
680,sorong,id,1561325928,-0.86,131.25,74.93,95,58,5.12
681,urucara,br,1561325928,-2.54,-57.76,85.28,65,78,2.91
682,tara,ru,1561325929,56.9,74.37,46.85,95,0,1.19
683,huixtla,mx,1561325929,15.14,-92.46,87.8,70,75,5.82
